{
    "NUS": [
        103.7714373396691, 1.304922129248384, 11.87814699266378,
        103.7723678351256, 1.303230216014438, 6.901042849174135,
        103.7719728838784, 1.302599892479904, 12.38353650457693,
        103.7711884983648, 1.302772231999518, 13.38724659825944,
        103.7700542781815, 1.300095236335122, 28.48024194001673,
        103.7696746861296, 1.294921380682045, 8.529708957555123,
        103.7696062044599, 1.294675095760531, 11.45732318715921,
        103.7694108402042, 1.294213159899782, 9.670075839274702,
        103.769297594288, 1.293947315377458, 4.578268983366556,
        103.7691324616243, 1.293589205030886, 4.732210754714446,
        103.7700849139696, 1.292660847912006, 8.040040361146579,
        103.7704240470137, 1.292585004021794, 10.07688900948073,
        103.7704930753673, 1.292402944615975, 7.926921126924961,
        103.7727454149797, 1.29244912188725, 18.40663994955399,
        103.7735685366555, 1.292293576463821, 12.320239854349,
        103.7733987810474, 1.291839640038206, 9.949411282163357,
        103.77377289613, 1.291677381263468, 5.973810345488473,
        103.7760485109136, 1.290691600583399, 7.658329938622332,
        103.7763148695059, 1.290838305128488, 10.87407803239021,
        103.778054333502, 1.2901194477425, 9.792595685130983, 103.7787495932817,
        1.290433463278852, 9.84023813184348, 103.779258695352,
        1.289327165128971, 7.364571527207861, 103.7819897049839,
        1.289816449688616, 27.11966238231774, 103.7825060741788,
        1.290609552908459, 35.9478989865552, 103.7857363133486,
        1.293979073841685, 26.86358623331921, 103.7830922072691,
        1.29707504459118, 16.50125029050067, 103.7771579256045,
        1.300677795088443, 9.223748320975595, 103.7744358962385,
        1.3023007368525, 10.12198469721846, 103.7735721578048,
        1.303120847527408, 7.229314495565527, 103.7756677109437,
        1.303807221493284, 16.54258319174429, 103.7746137451576,
        1.304574527166445, 20.64418972027116, 103.7743033485141,
        1.30596850030766, 21.56481847830447, 103.773666058666,
        1.307298286299473, 22.40681372218174, 103.7739279494454,
        1.308617586277619, 24.99801589226071, 103.7719386237476,
        1.309336406518379, 20.78315116577074, 103.7714373396691,
        1.304922129248384, 11.87814699266378
    ],
    "Arts": [
        103.7691324597343, 1.293589296005769, 4.87541653868155,
        103.7700849833258, 1.292660584899614, 8.038054940314899,
        103.7704242031284, 1.292585275381229, 10.08094725378074,
        103.7704929723317, 1.292402954133691, 7.789665389487837,
        103.7728241410758, 1.292451374388134, 18.85446245554871,
        103.7730216804742, 1.293094746571306, 19.6760072507608,
        103.7721410165868, 1.293462056660145, 26.31944333673552,
        103.7730406797909, 1.294929963338323, 35.37771913536572,
        103.7738079806878, 1.295652117411489, 26.96618720162181,
        103.774197390451, 1.297138211555392, 60.38812238783933,
        103.773654266457, 1.297365238644884, 57.15459699189827,
        103.7728042150107, 1.296976636771167, 37.80758926232535,
        103.7718553712014, 1.296247266214833, 27.09798658784422,
        103.7697621951051, 1.296114005901268, 13.6570023293676,
        103.7696750776369, 1.294922038614358, 8.510863996186611,
        103.7691324597343, 1.293589296005769, 4.87541653868155
    ],
    "Biz/Com": [
        103.7728241245291, 1.292451422231804, 18.85506611855723,
        103.7735683827001, 1.292293285348188, 12.24584428869366,
        103.7733991506281, 1.291840178583794, 9.920183378726964,
        103.7760465858213, 1.29069090437401, 7.628498829108851,
        103.7763148381291, 1.290838343585506, 10.95914295548676,
        103.7762276702451, 1.292068575102602, 24.44829331824423,
        103.776327717506, 1.29240577054312, 28.37157565397406,
        103.7756482711936, 1.292897241283144, 28.09462088326496,
        103.7758484596209, 1.293645101016033, 23.14825469266883,
        103.7748992168898, 1.295372336518166, 26.83462021949688,
        103.7738080651607, 1.295651873271189, 26.74814188016065,
        103.7730405410608, 1.294930053301751, 35.01827349617568,
        103.7721412929938, 1.29346208567039, 26.25532355070259,
        103.7730219554033, 1.293095144156263, 19.59933028021867,
        103.7728241245291, 1.292451422231804, 18.85506611855723
    ],
    "CDE": [
        103.7697622021844, 1.296113982021676, 13.65694102416461,
        103.7718550146394, 1.296247391589352, 26.82958712966833,
        103.7728040619912, 1.29697664119204, 37.66935767778862,
        103.7736542962324, 1.297365849433427, 54.61198435158552,
        103.7739714579318, 1.298528025150566, 36.8195178166845,
        103.7745402637707, 1.299693765229058, 23.19399904196597,
        103.7742420093919, 1.300538303609912, 17.050084461079,
        103.7730727446466, 1.301107935436958, 11.26664371837495,
        103.7718842399478, 1.301033798124742, 17.97280035740778,
        103.7706481782589, 1.301495818208069, 16.28736649540445,
        103.7700542010769, 1.300095225753957, 24.82634411750882,
        103.7697622021844, 1.296113982021676, 13.65694102416461
    ],
    "Culture/Recreation": [
        103.7718845984534, 1.301033777275821, 17.65813593103114,
        103.7730726873115, 1.301108086786884, 10.91367842788676,
        103.7742421947429, 1.300538118032272, 16.95813547833529,
        103.7745400476924, 1.299693482393662, 23.19502951712813,
        103.7739712476073, 1.298527751155502, 37.02400715103729,
        103.7739199152265, 1.298340302817417, 41.93292764803985,
        103.7780179026617, 1.296443922013587, 34.04350381400879,
        103.7784295296293, 1.297346856523549, 22.86760642211487,
        103.7791877972403, 1.297132530360096, 17.82161408206444,
        103.7802214257837, 1.297388583957032, 14.54376067714412,
        103.7802225176695, 1.298819246991506, 14.65945235611148,
        103.774441021317, 1.302300555419226, 7.828124513145019,
        103.7723553917543, 1.303359078984901, 7.494242385351964,
        103.7719731150787, 1.302599608089705, 12.20795965799502,
        103.7711886220079, 1.302772022502362, 13.37116517800092,
        103.7706481508501, 1.301495850265886, 16.28707645570191,
        103.7718845984534, 1.301033777275821, 17.65813593103114
    ],
    "KE/PGPR": [
        103.7810703425427, 1.293708027524614, 51.75441308329801,
        103.7805396574402, 1.293511549379184, 59.85882775118807,
        103.7795655015877, 1.293579868921525, 41.08874314381388,
        103.7797511393728, 1.292862481102868, 36.80011306479824,
        103.7802649531365, 1.292404121043165, 30.11164259770343,
        103.7789604899947, 1.291746082801169, 15.6104676994984,
        103.780343147163, 1.289521482636873, 9.521616526477715,
        103.7819890868453, 1.289816553877224, 27.03203138039324,
        103.7825058940483, 1.290610102985759, 40.56194480279972,
        103.7835309863471, 1.291679225874062, 45.08255339930706,
        103.7824779145528, 1.292623654938828, 42.46989754728496,
        103.7813839804271, 1.292895487544851, 52.02198454069306,
        103.7810703425427, 1.293708027524614, 51.75441308329801
    ],